symbol,baseAsset,quoteAsset,status,isSpotTradingAllowed,baseAssetPrecision,quotePrecision
ETHBTC,ETH,BTC,TRADING,true,8,8
LTCBTC,LTC,BTC,TRADING,true,8,8
BNBBTC,BNB,BTC,TRADING,true,8,8
NEOBTC,NEO,BTC,TRADING,true,8,8
GASBTC,GAS,BTC,TRADING,true,8,8
BNBETH,BNB,ETH,TRADING,true,8,8
BTCUSDT,BTC,USDT,TRADING,true,8,8
ETHUSDT,ETH,USDT,TRADING,true,8,8
KNCBTC,KNC,BTC,TRADING,true,8,8
IOTABTC,IOTA,BTC,TRADING,true,8,8
LINKBTC,LINK,BTC,TRADING,true,8,8
LINKETH,LINK,ETH,TRADING,true,8,8
ETCBTC,ETC,BTC,TRADING,true,8,8
ZECBTC,ZEC,BTC,TRADING,true,8,8
ZECETH,ZEC,ETH,TRADING,true,8,8
DASHBTC,DASH,BTC,TRADING,true,8,8
TRXBTC,TRX,BTC,TRADING,true,8,8
TRXETH,TRX,ETH,TRADING,true,8,8
XRPBTC,XRP,BTC,TRADING,true,8,8
XRPETH,XRP,ETH,TRADING,true,8,8
BNBUSDT,BNB,USDT,TRADING,true,8,8
BATBTC,BAT,BTC,TRADING,true,8,8
NEOUSDT,NEO,USDT,TRADING,true,8,8
ADXBTC,ADX,BTC,TRADING,true,8,8
ADABTC,ADA,BTC,TRADING,true,8,8
ADAETH,ADA,ETH,TRADING,true,8,8
XLMBTC,XLM,BTC,TRADING,true,8,8
XLMETH,XLM,ETH,TRADING,true,8,8
LTCETH,LTC,ETH,TRADING,true,8,8
LTCUSDT,LTC,USDT,TRADING,true,8,8
LTCBNB,LTC,BNB,TRADING,true,8,8
RLCETH,RLC,ETH,TRADING,true,8,8
STEEMBTC,STEEM,BTC,TRADING,true,8,8
STEEMETH,STEEM,ETH,TRADING,true,8,8
ONTBTC,ONT,BTC,TRADING,true,8,8
QTUMUSDT,QTUM,USDT,TRADING,true,8,8
WANBTC,WAN,BTC,TRADING,true,8,8
ADAUSDT,ADA,USDT,TRADING,true,8,8
ADABNB,ADA,BNB,TRADING,true,8,8
XRPUSDT,XRP,USDT,TRADING,true,8,8
BTCTUSD,BTC,TUSD,TRADING,true,8,8
ETHTUSD,ETH,TUSD,TRADING,true,8,8
ZENBTC,ZEN,BTC,TRADING,true,8,8
THETABTC,THETA,BTC,TRADING,true,8,8
XRPBNB,XRP,BNB,TRADING,true,8,8
TUSDUSDT,TUSD,USDT,TRADING,true,8,8
IOTAUSDT,IOTA,USDT,TRADING,true,8,8
XLMUSDT,XLM,USDT,TRADING,true,8,8
ONTUSDT,ONT,USDT,TRADING,true,8,8
TRXBNB,TRX,BNB,TRADING,true,8,8
TRXUSDT,TRX,USDT,TRADING,true,8,8
ETCUSDT,ETC,USDT,TRADING,true,8,8
ICXUSDT,ICX,USDT,TRADING,true,8,8
VETUSDT,VET,USDT,TRADING,true,8,8
BNBTUSD,BNB,TUSD,TRADING,true,8,8
BNBUSDC,BNB,USDC,TRADING,true,8,8
BTCUSDC,BTC,USDC,TRADING,true,8,8
ETHUSDC,ETH,USDC,TRADING,true,8,8
XRPUSDC,XRP,USDC,TRADING,true,8,8
XLMUSDC,XLM,USDC,TRADING,true,8,8
USDCUSDT,USDC,USDT,TRADING,true,8,8
TRXXRP,TRX,XRP,TRADING,true,8,8
LINKUSDT,LINK,USDT,TRADING,true,8,8
LINKUSDC,LINK,USDC,TRADING,true,8,8
LTCUSDC,LTC,USDC,TRADING,true,8,8
TRXUSDC,TRX,USDC,TRADING,true,8,8
ONGBTC,ONG,BTC,TRADING,true,8,8
ONGUSDT,ONG,USDT,TRADING,true,8,8
HOTUSDT,HOT,USDT,TRADING,true,8,8
ZILUSDT,ZIL,USDT,TRADING,true,8,8
ZRXUSDT,ZRX,USDT,TRADING,true,8,8
FETBNB,FET,BNB,TRADING,true,8,8
FETBTC,FET,BTC,TRADING,true,8,8
FETUSDT,FET,USDT,TRADING,true,8,8
BATUSDT,BAT,USDT,TRADING,true,8,8
ZECUSDT,ZEC,USDT,TRADING,true,8,8
ZECUSDC,ZEC,USDC,TRADING,true,8,8
IOSTUSDT,IOST,USDT,TRADING,true,8,8
CELRUSDT,CELR,USDT,TRADING,true,8,8
ADAUSDC,ADA,USDC,TRADING,true,8,8
NEOUSDC,NEO,USDC,TRADING,true,8,8
DASHUSDT,DASH,USDT,TRADING,true,8,8
THETAUSDT,THETA,USDT,TRADING,true,8,8
ENJUSDT,ENJ,USDT,TRADING,true,8,8
ATOMBTC,ATOM,BTC,TRADING,true,8,8
ATOMUSDT,ATOM,USDT,TRADING,true,8,8
ATOMUSDC,ATOM,USDC,TRADING,true,8,8
ETCUSDC,ETC,USDC,TRADING,true,8,8
TFUELBTC,TFUEL,BTC,TRADING,true,8,8
TFUELUSDT,TFUEL,USDT,TRADING,true,8,8
ONEUSDT,ONE,USDT,TRADING,true,8,8
ALGOBTC,ALGO,BTC,TRADING,true,8,8
ALGOUSDT,ALGO,USDT,TRADING,true,8,8
ALGOUSDC,ALGO,USDC,TRADING,true,8,8
DOGEBTC,DOGE,BTC,TRADING,true,8,8
DOGEUSDT,DOGE,USDT,TRADING,true,8,8
DOGEUSDC,DOGE,USDC,TRADING,true,8,8
DUSKBTC,DUSK,BTC,TRADING,true,8,8
DUSKUSDT,DUSK,USDT,TRADING,true,8,8
ANKRUSDT,ANKR,USDT,TRADING,true,8,8
ONTUSDC,ONT,USDC,TRADING,true,8,8
WINUSDT,WIN,USDT,TRADING,true,8,8
COSUSDT,COS,USDT,TRADING,true,8,8
MTLUSDT,MTL,USDT,TRADING,true,8,8
DENTUSDT,DENT,USDT,TRADING,true,8,8
WANUSDT,WAN,USDT,TRADING,true,8,8
FUNUSDT,FUN,USDT,TRADING,true,8,8
CVCUSDT,CVC,USDT,TRADING,true,8,8
WINTRX,WIN,TRX,TRADING,true,8,8
CHZBTC,CHZ,BTC,TRADING,true,8,8
CHZUSDT,CHZ,USDT,TRADING,true,8,8
BANDBTC,BAND,BTC,TRADING,true,8,8
BANDUSDT,BAND,USDT,TRADING,true,8,8
XTZBTC,XTZ,BTC,TRADING,true,8,8
XTZUSDT,XTZ,USDT,TRADING,true,8,8
RVNUSDT,RVN,USDT,TRADING,true,8,8
HBARBNB,HBAR,BNB,TRADING,true,8,8
HBARBTC,HBAR,BTC,TRADING,true,8,8
HBARUSDT,HBAR,USDT,TRADING,true,8,8
STXBTC,STX,BTC,TRADING,true,8,8
STXUSDT,STX,USDT,TRADING,true,8,8
KAVABTC,KAVA,BTC,TRADING,true,8,8
KAVAUSDT,KAVA,USDT,TRADING,true,8,8
ARPAUSDT,ARPA,USDT,TRADING,true,8,8
IOTXUSDT,IOTX,USDT,TRADING,true,8,8
RLCUSDT,RLC,USDT,TRADING,true,8,8
BCHBNB,BCH,BNB,TRADING,true,8,8
BCHBTC,BCH,BTC,TRADING,true,8,8
BCHUSDT,BCH,USDT,TRADING,true,8,8
BCHUSDC,BCH,USDC,TRADING,true,8,8
FTTUSDT,FTT,USDT,TRADING,true,8,8
BTCTRY,BTC,TRY,TRADING,true,8,8
BNBTRY,BNB,TRY,TRADING,true,8,8
ETHTRY,ETH,TRY,TRADING,true,8,8
XRPTRY,XRP,TRY,TRADING,true,8,8
USDTTRY,USDT,TRY,TRADING,true,8,8
BTCEUR,BTC,EUR,TRADING,true,8,8
ETHEUR,ETH,EUR,TRADING,true,8,8
BNBEUR,BNB,EUR,TRADING,true,8,8
XRPEUR,XRP,EUR,TRADING,true,8,8
EURUSDT,EUR,USDT,TRADING,true,8,8
OGNUSDT,OGN,USDT,TRADING,true,8,8
LSKUSDT,LSK,USDT,TRADING,true,8,8
BNTUSDT,BNT,USDT,TRADING,true,8,8
MBLUSDT,MBL,USDT,TRADING,true,8,8
COTIUSDT,COTI,USDT,TRADING,true,8,8
USDTZAR,USDT,ZAR,TRADING,true,8,8
SOLBNB,SOL,BNB,TRADING,true,8,8
SOLBTC,SOL,BTC,TRADING,true,8,8
SOLUSDT,SOL,USDT,TRADING,true,8,8
CTSIBTC,CTSI,BTC,TRADING,true,8,8
CTSIUSDT,CTSI,USDT,TRADING,true,8,8
HIVEUSDT,HIVE,USDT,TRADING,true,8,8
CHRUSDT,CHR,USDT,TRADING,true,8,8
ARDRUSDT,ARDR,USDT,TRADING,true,8,8
MDTUSDT,MDT,USDT,TRADING,true,8,8
KNCUSDT,KNC,USDT,TRADING,true,8,8
USDTUAH,USDT,UAH,TRADING,true,8,8
COMPUSDT,COMP,USDT,TRADING,true,8,8
SCUSDT,SC,USDT,TRADING,true,8,8
ZENUSDT,ZEN,USDT,TRADING,true,8,8
SNXUSDT,SNX,USDT,TRADING,true,8,8
VTHOUSDT,VTHO,USDT,TRADING,true,8,8
DGBUSDT,DGB,USDT,TRADING,true,8,8
RUNEBTC,RUNE,BTC,TRADING,true,8,8
DCRUSDT,DCR,USDT,TRADING,true,8,8
STORJUSDT,STORJ,USDT,TRADING,true,8,8
AVABTC,AVA,BTC,TRADING,true,8,8
MANAUSDT,MANA,USDT,TRADING,true,8,8
YFIUSDT,YFI,USDT,TRADING,true,8,8
JSTBTC,JST,BTC,TRADING,true,8,8
JSTUSDT,JST,USDT,TRADING,true,8,8
CRVBTC,CRV,BTC,TRADING,true,8,8
CRVUSDT,CRV,USDT,TRADING,true,8,8
SANDUSDT,SAND,USDT,TRADING,true,8,8
NMRUSDT,NMR,USDT,TRADING,true,8,8
DOTBNB,DOT,BNB,TRADING,true,8,8
DOTBTC,DOT,BTC,TRADING,true,8,8
DOTUSDT,DOT,USDT,TRADING,true,8,8
LUNAUSDT,LUNA,USDT,TRADING,true,8,8
RSRUSDT,RSR,USDT,TRADING,true,8,8
PAXGBTC,PAXG,BTC,TRADING,true,8,8
PAXGUSDT,PAXG,USDT,TRADING,true,8,8
TRBUSDT,TRB,USDT,TRADING,true,8,8
WBTCBTC,WBTC,BTC,TRADING,true,8,8
WBTCETH,WBTC,ETH,TRADING,true,8,8
SUSHIUSDT,SUSHI,USDT,TRADING,true,8,8
KSMUSDT,KSM,USDT,TRADING,true,8,8
EGLDBTC,EGLD,BTC,TRADING,true,8,8
EGLDUSDT,EGLD,USDT,TRADING,true,8,8
DIAUSDT,DIA,USDT,TRADING,true,8,8
RUNEUSDT,RUNE,USDT,TRADING,true,8,8
FIOUSDT,FIO,USDT,TRADING,true,8,8
UMAUSDT,UMA,USDT,TRADING,true,8,8
LINKTRY,LINK,TRY,TRADING,true,8,8
BELUSDT,BEL,USDT,TRADING,true,8,8
UNIBTC,UNI,BTC,TRADING,true,8,8
UNIUSDT,UNI,USDT,TRADING,true,8,8
OXTUSDT,OXT,USDT,TRADING,true,8,8
SUNUSDT,SUN,USDT,TRADING,true,8,8
AVAXBTC,AVAX,BTC,TRADING,true,8,8
AVAXUSDT,AVAX,USDT,TRADING,true,8,8
CAKEBNB,CAKE,BNB,TRADING,true,8,8
UTKUSDT,UTK,USDT,TRADING,true,8,8
XVSBNB,XVS,BNB,TRADING,true,8,8
XVSBTC,XVS,BTC,TRADING,true,8,8
XVSUSDT,XVS,USDT,TRADING,true,8,8
BTCBRL,BTC,BRL,TRADING,true,8,8
USDTBRL,USDT,BRL,TRADING,true,8,8
AAVEBTC,AAVE,BTC,TRADING,true,8,8
AAVEETH,AAVE,ETH,TRADING,true,8,8
AAVEUSDT,AAVE,USDT,TRADING,true,8,8
NEARBTC,NEAR,BTC,TRADING,true,8,8
NEARUSDT,NEAR,USDT,TRADING,true,8,8
FILBTC,FIL,BTC,TRADING,true,8,8
FILUSDT,FIL,USDT,TRADING,true,8,8
INJBTC,INJ,BTC,TRADING,true,8,8
INJUSDT,INJ,USDT,TRADING,true,8,8
LINKEUR,LINK,EUR,TRADING,true,8,8
AUDIOUSDT,AUDIO,USDT,TRADING,true,8,8
CTKBNB,CTK,BNB,TRADING,true,8,8
CTKBTC,CTK,BTC,TRADING,true,8,8
CTKUSDT,CTK,USDT,TRADING,true,8,8
ETHBRL,ETH,BRL,TRADING,true,8,8
DOTEUR,DOT,EUR,TRADING,true,8,8
AXSBTC,AXS,BTC,TRADING,true,8,8
AXSUSDT,AXS,USDT,TRADING,true,8,8
BNBBRL,BNB,BRL,TRADING,true,8,8
LTCEUR,LTC,EUR,TRADING,true,8,8
ADAEUR,ADA,EUR,TRADING,true,8,8
STRAXUSDT,STRAX,USDT,TRADING,true,8,8
ROSEBTC,ROSE,BTC,TRADING,true,8,8
ROSEUSDT,ROSE,USDT,TRADING,true,8,8
AVAXTRY,AVAX,TRY,TRADING,true,8,8
AVAUSDT,AVA,USDT,TRADING,true,8,8
XRPBRL,XRP,BRL,TRADING,true,8,8
SKLUSDT,SKL,USDT,TRADING,true,8,8
BCHEUR,BCH,EUR,TRADING,true,8,8
GLMBTC,GLM,BTC,TRADING,true,8,8
LINKBRL,LINK,BRL,TRADING,true,8,8
TRXTRY,TRX,TRY,TRADING,true,8,8
XLMEUR,XLM,EUR,TRADING,true,8,8
GRTBTC,GRT,BTC,TRADING,true,8,8
GRTUSDT,GRT,USDT,TRADING,true,8,8
JUVUSDT,JUV,USDT,TRADING,true,8,8
PSGUSDT,PSG,USDT,TRADING,true,8,8
1INCHBTC,1INCH,BTC,TRADING,true,8,8
1INCHUSDT,1INCH,USDT,TRADING,true,8,8
OGUSDT,OG,USDT,TRADING,true,8,8
ATMUSDT,ATM,USDT,TRADING,true,8,8
ASRUSDT,ASR,USDT,TRADING,true,8,8
CELOBTC,CELO,BTC,TRADING,true,8,8
CELOUSDT,CELO,USDT,TRADING,true,8,8
RIFUSDT,RIF,USDT,TRADING,true,8,8
CHZTRY,CHZ,TRY,TRADING,true,8,8
XLMTRY,XLM,TRY,TRADING,true,8,8
TRUUSDT,TRU,USDT,TRADING,true,8,8
LTCBRL,LTC,BRL,TRADING,true,8,8
CKBUSDT,CKB,USDT,TRADING,true,8,8
TWTUSDT,TWT,USDT,TRADING,true,8,8
DOGEEUR,DOGE,EUR,TRADING,true,8,8
DOGETRY,DOGE,TRY,TRADING,true,8,8
DOGEBRL,DOGE,BRL,TRADING,true,8,8
SFPUSDT,SFP,USDT,TRADING,true,8,8
DOTTRY,DOT,TRY,TRADING,true,8,8
DODOUSDT,DODO,USDT,TRADING,true,8,8
CAKEBTC,CAKE,BTC,TRADING,true,8,8
CAKEUSDT,CAKE,USDT,TRADING,true,8,8
ACMUSDT,ACM,USDT,TRADING,true,8,8
ADATRY,ADA,TRY,TRADING,true,8,8
ADABRL,ADA,BRL,TRADING,true,8,8
HOTTRY,HOT,TRY,TRADING,true,8,8
EGLDEUR,EGLD,EUR,TRADING,true,8,8
PONDUSDT,POND,USDT,TRADING,true,8,8
DEGOUSDT,DEGO,USDT,TRADING,true,8,8
AVAXEUR,AVAX,EUR,TRADING,true,8,8
ALICEUSDT,ALICE,USDT,TRADING,true,8,8
NEOTRY,NEO,TRY,TRADING,true,8,8
SUPERBTC,SUPER,BTC,TRADING,true,8,8
SUPERUSDT,SUPER,USDT,TRADING,true,8,8
CFXBTC,CFX,BTC,TRADING,true,8,8
CFXUSDT,CFX,USDT,TRADING,true,8,8
RVNTRY,RVN,TRY,TRADING,true,8,8
TKOUSDT,TKO,USDT,TRADING,true,8,8
PUNDIXUSDT,PUNDIX,USDT,TRADING,true,8,8
WINEUR,WIN,EUR,TRADING,true,8,8
TLMUSDT,TLM,USDT,TRADING,true,8,8
ONTTRY,ONT,TRY,TRADING,true,8,8
VETEUR,VET,EUR,TRADING,true,8,8
BARUSDT,BAR,USDT,TRADING,true,8,8
SLPUSDT,SLP,USDT,TRADING,true,8,8
TRXEUR,TRX,EUR,TRADING,true,8,8
VETTRY,VET,TRY,TRADING,true,8,8
SHIBUSDT,SHIB,USDT,TRADING,true,2,8
ICPBTC,ICP,BTC,TRADING,true,8,8
ICPUSDT,ICP,USDT,TRADING,true,8,8
SHIBEUR,SHIB,EUR,TRADING,true,2,8
ARBTC,AR,BTC,TRADING,true,8,8
ARUSDT,AR,USDT,TRADING,true,8,8
MASKUSDT,MASK,USDT,TRADING,true,8,8
LPTBTC,LPT,BTC,TRADING,true,8,8
LPTUSDT,LPT,USDT,TRADING,true,8,8
SOLEUR,SOL,EUR,TRADING,true,8,8
SHIBBRL,SHIB,BRL,TRADING,true,2,8
ICPEUR,ICP,EUR,TRADING,true,8,8
SHIBTRY,SHIB,TRY,TRADING,true,2,8
XVGUSDT,XVG,USDT,TRADING,true,8,8
ATAUSDT,ATA,USDT,TRADING,true,8,8
GTCUSDT,GTC,USDT,TRADING,true,8,8
SOLTRY,SOL,TRY,TRADING,true,8,8
SOLBRL,SOL,BRL,TRADING,true,8,8
PHAUSDT,PHA,USDT,TRADING,true,8,8
MLNUSDT,MLN,USDT,TRADING,true,8,8
GRTTRY,GRT,TRY,TRADING,true,8,8
DEXEUSDT,DEXE,USDT,TRADING,true,8,8
C98USDT,C98,USDT,TRADING,true,8,8
QNTBTC,QNT,BTC,TRADING,true,8,8
QNTUSDT,QNT,USDT,TRADING,true,8,8
FLOWUSDT,FLOW,USDT,TRADING,true,8,8
MINAUSDT,MINA,USDT,TRADING,true,8,8
RAYUSDT,RAY,USDT,TRADING,true,8,8
FARMUSDT,FARM,USDT,TRADING,true,8,8
TLMTRY,TLM,TRY,TRADING,true,8,8
QUICKUSDT,QUICK,USDT,TRADING,true,8,8
MBOXUSDT,MBOX,USDT,TRADING,true,8,8
REQUSDT,REQ,USDT,TRADING,true,8,8
WAXPUSDT,WAXP,USDT,TRADING,true,8,8
GNOUSDT,GNO,USDT,TRADING,true,8,8
ARPATRY,ARPA,TRY,TRADING,true,8,8
XECUSDT,XEC,USDT,TRADING,true,2,8
DYDXUSDT,DYDX,USDT,TRADING,true,8,8
USDPUSDT,USDP,USDT,TRADING,true,8,8
GALAUSDT,GALA,USDT,TRADING,true,8,8
ILVUSDT,ILV,USDT,TRADING,true,8,8
YGGUSDT,YGG,USDT,TRADING,true,8,8
SYSUSDT,SYS,USDT,TRADING,true,8,8
SOLUSDC,SOL,USDC,TRADING,true,8,8
FIDAUSDT,FIDA,USDT,TRADING,true,8,8
AGLDUSDT,AGLD,USDT,TRADING,true,8,8
RADUSDT,RAD,USDT,TRADING,true,8,8
RAREUSDT,RARE,USDT,TRADING,true,8,8
AVAXBRL,AVAX,BRL,TRADING,true,8,8
SOLETH,SOL,ETH,TRADING,true,8,8
LAZIOTRY,LAZIO,TRY,TRADING,true,8,8
LAZIOUSDT,LAZIO,USDT,TRADING,true,8,8
ADXUSDT,ADX,USDT,TRADING,true,8,8
AUCTIONUSDT,AUCTION,USDT,TRADING,true,8,8
MANATRY,MANA,TRY,TRADING,true,8,8
MOVRUSDT,MOVR,USDT,TRADING,true,8,8
CITYUSDT,CITY,USDT,TRADING,true,8,8
ENSUSDT,ENS,USDT,TRADING,true,8,8
DOTETH,DOT,ETH,TRADING,true,8,8
SANDTRY,SAND,TRY,TRADING,true,8,8
QIUSDT,QI,USDT,TRADING,true,8,8
PORTOUSDT,PORTO,USDT,TRADING,true,8,8
PORTOTRY,PORTO,TRY,TRADING,true,8,8
POWRUSDT,POWR,USDT,TRADING,true,8,8
AVAXETH,AVAX,ETH,TRADING,true,8,8
SLPTRY,SLP,TRY,TRADING,true,8,8
JASMYUSDT,JASMY,USDT,TRADING,true,8,8
AMPUSDT,AMP,USDT,TRADING,true,8,8
PYRUSDT,PYR,USDT,TRADING,true,8,8
ALCXUSDT,ALCX,USDT,TRADING,true,8,8
SANTOSBTC,SANTOS,BTC,TRADING,true,8,8
SANTOSUSDT,SANTOS,USDT,TRADING,true,8,8
SANTOSTRY,SANTOS,TRY,TRADING,true,8,8
BELTRY,BEL,TRY,TRADING,true,8,8
DENTTRY,DENT,TRY,TRADING,true,8,8
ENJTRY,ENJ,TRY,TRADING,true,8,8
BICOUSDT,BICO,USDT,TRADING,true,8,8
FLUXUSDT,FLUX,USDT,TRADING,true,8,8
ALICETRY,ALICE,TRY,TRADING,true,8,8
GALATRY,GALA,TRY,TRADING,true,8,8
LUNATRY,LUNA,TRY,TRADING,true,8,8
MINATRY,MINA,TRY,TRADING,true,8,8
XTZTRY,XTZ,TRY,TRADING,true,8,8
HIGHUSDT,HIGH,USDT,TRADING,true,8,8
CVXUSDT,CVX,USDT,TRADING,true,8,8
PEOPLEUSDT,PEOPLE,USDT,TRADING,true,8,8
SPELLUSDT,SPELL,USDT,TRADING,true,8,8
JOEUSDT,JOE,USDT,TRADING,true,8,8
EGLDETH,EGLD,ETH,TRADING,true,8,8
ATOMTRY,ATOM,TRY,TRADING,true,8,8
ACHUSDT,ACH,USDT,TRADING,true,8,8
IMXUSDT,IMX,USDT,TRADING,true,8,8
GLMRUSDT,GLMR,USDT,TRADING,true,8,8
ICPTRY,ICP,TRY,TRADING,true,8,8
UNIETH,UNI,ETH,TRADING,true,8,8
ROSETRY,ROSE,TRY,TRADING,true,8,8
SCRTUSDT,SCRT,USDT,TRADING,true,8,8
API3USDT,API3,USDT,TRADING,true,8,8
BTTCUSDT,BTTC,USDT,TRADING,true,1,8
BTTCTRY,BTTC,TRY,TRADING,true,1,8
XNOUSDT,XNO,USDT,TRADING,true,8,8
COSTRY,COS,TRY,TRADING,true,8,8
ONETRY,ONE,TRY,TRADING,true,8,8
WOOUSDT,WOO,USDT,TRADING,true,8,8
SPELLTRY,SPELL,TRY,TRADING,true,8,8
AXSTRY,AXS,TRY,TRADING,true,8,8
NEARTRY,NEAR,TRY,TRADING,true,8,8
ALPINETRY,ALPINE,TRY,TRADING,true,8,8
ALPINEUSDT,ALPINE,USDT,TRADING,true,8,8
TUSDT,T,USDT,TRADING,true,8,8
INJTRY,INJ,TRY,TRADING,true,8,8
ASTRUSDT,ASTR,USDT,TRADING,true,8,8
API3TRY,API3,TRY,TRADING,true,8,8
MBOXTRY,MBOX,TRY,TRADING,true,8,8
GMTUSDT,GMT,USDT,TRADING,true,8,8
ATOMEUR,ATOM,EUR,TRADING,true,8,8
UMATRY,UMA,TRY,TRADING,true,8,8
APEUSDT,APE,USDT,TRADING,true,8,8
NEAREUR,NEAR,EUR,TRADING,true,8,8
TWTTRY,TWT,TRY,TRADING,true,8,8
APETRY,APE,TRY,TRADING,true,8,8
JASMYTRY,JASMY,TRY,TRADING,true,8,8
BIFIUSDT,BIFI,USDT,TRADING,true,8,8
FILTRY,FIL,TRY,TRADING,true,8,8
ZILTRY,ZIL,TRY,TRADING,true,8,8
GMTTRY,GMT,TRY,TRADING,true,8,8
STEEMUSDT,STEEM,USDT,TRADING,true,8,8
AUDIOTRY,AUDIO,TRY,TRADING,true,8,8
NEXOUSDT,NEXO,USDT,TRADING,true,8,8
NEXOBTC,NEXO,BTC,TRADING,true,8,8
LDOUSDT,LDO,USDT,TRADING,true,8,8
ENSTRY,ENS,TRY,TRADING,true,8,8
ALGOTRY,ALGO,TRY,TRADING,true,8,8
OPBTC,OP,BTC,TRADING,true,8,8
OPUSDT,OP,USDT,TRADING,true,8,8
STORJTRY,STORJ,TRY,TRADING,true,8,8
ETCTRY,ETC,TRY,TRADING,true,8,8
STGUSDT,STG,USDT,TRADING,true,8,8
ANKRTRY,ANKR,TRY,TRADING,true,8,8
LUNCUSDT,LUNC,USDT,TRADING,true,8,8
GMXUSDT,GMX,USDT,TRADING,true,8,8
POLYXUSDT,POLYX,USDT,TRADING,true,8,8
APTBTC,APT,BTC,TRADING,true,8,8
APTUSDT,APT,USDT,TRADING,true,8,8
BTCPLN,BTC,PLN,TRADING,true,8,8
ETHPLN,ETH,PLN,TRADING,true,8,8
APTEUR,APT,EUR,TRADING,true,8,8
APTTRY,APT,TRY,TRADING,true,8,8
OSMOUSDT,OSMO,USDT,TRADING,true,8,8
HFTUSDT,HFT,USDT,TRADING,true,8,8
PHBUSDT,PHB,USDT,TRADING,true,8,8
MAGICBTC,MAGIC,BTC,TRADING,true,8,8
MAGICUSDT,MAGIC,USDT,TRADING,true,8,8
RPLUSDT,RPL,USDT,TRADING,true,8,8
FETTRY,FET,TRY,TRADING,true,8,8
APTETH,APT,ETH,TRADING,true,8,8
GNSUSDT,GNS,USDT,TRADING,true,8,8
SYNUSDT,SYN,USDT,TRADING,true,8,8
SSVUSDT,SSV,USDT,TRADING,true,8,8
LQTYUSDT,LQTY,USDT,TRADING,true,8,8
CFXTRY,CFX,TRY,TRADING,true,8,8
STXTRY,STX,TRY,TRADING,true,8,8
USTCUSDT,USTC,USDT,TRADING,true,8,8
GASUSDT,GAS,USDT,TRADING,true,8,8
GLMUSDT,GLM,USDT,TRADING,true,8,8
PROMUSDT,PROM,USDT,TRADING,true,8,8
QKCUSDT,QKC,USDT,TRADING,true,8,8
IDUSDT,ID,USDT,TRADING,true,8,8
ARBBTC,ARB,BTC,TRADING,true,8,8
ARBUSDT,ARB,USDT,TRADING,true,8,8
ARBTRY,ARB,TRY,TRADING,true,8,8
ARBEUR,ARB,EUR,TRADING,true,8,8
IDTRY,ID,TRY,TRADING,true,8,8
SOLTUSD,SOL,TUSD,TRADING,true,8,8
MAGICTRY,MAGIC,TRY,TRADING,true,8,8
USDTPLN,USDT,PLN,TRADING,true,8,8
ACHTRY,ACH,TRY,TRADING,true,8,8
USDTARS,USDT,ARS,TRADING,true,8,8
WBTCUSDT,WBTC,USDT,TRADING,true,8,8
EDUUSDT,EDU,USDT,TRADING,true,8,8
EDUTRY,EDU,TRY,TRADING,true,8,8
SUIUSDT,SUI,USDT,TRADING,true,8,8
SUIBTC,SUI,BTC,TRADING,true,8,8
SUIBNB,SUI,BNB,TRADING,true,8,8
SUIEUR,SUI,EUR,TRADING,true,8,8
SUITRY,SUI,TRY,TRADING,true,8,8
PEPEUSDT,PEPE,USDT,TRADING,true,2,8
FLOKIUSDT,FLOKI,USDT,TRADING,true,2,8
OGTRY,OG,TRY,TRADING,true,8,8
PEPETRY,PEPE,TRY,TRADING,true,2,8
WBETHETH,WBETH,ETH,TRADING,true,8,8
FLOKITRY,FLOKI,TRY,TRADING,true,2,8
CITYTRY,CITY,TRY,TRADING,true,8,8
LTCTRY,LTC,TRY,TRADING,true,8,8
RADTRY,RAD,TRY,TRADING,true,8,8
BTCARS,BTC,ARS,TRADING,true,8,8
OPTRY,OP,TRY,TRADING,true,8,8
PAXGTRY,PAXG,TRY,TRADING,true,8,8
MAVUSDT,MAV,USDT,TRADING,true,8,8
PENDLEBTC,PENDLE,BTC,TRADING,true,8,8
PENDLEUSDT,PENDLE,USDT,TRADING,true,8,8
MAVTRY,MAV,TRY,TRADING,true,8,8
ARBETH,ARB,ETH,TRADING,true,8,8
BCHTRY,BCH,TRY,TRADING,true,8,8
XVGTRY,XVG,TRY,TRADING,true,8,8
ARKMUSDT,ARKM,USDT,TRADING,true,8,8
ARKMTRY,ARKM,TRY,TRADING,true,8,8
WBETHUSDT,WBETH,USDT,TRADING,true,8,8
COMPTRY,COMP,TRY,TRADING,true,8,8
XECTRY,XEC,TRY,TRADING,true,2,8
WLDUSDT,WLD,USDT,TRADING,true,8,8
WLDBTC,WLD,BTC,TRADING,true,8,8
BNBFDUSD,BNB,FDUSD,TRADING,true,8,8
FDUSDUSDT,FDUSD,USDT,TRADING,true,8,8
WLDTRY,WLD,TRY,TRADING,true,8,8
AMPTRY,AMP,TRY,TRADING,true,8,8
OGNTRY,OGN,TRY,TRADING,true,8,8
BTCFDUSD,BTC,FDUSD,TRADING,true,8,8
ETHFDUSD,ETH,FDUSD,TRADING,true,8,8
ASRTRY,ASR,TRY,TRADING,true,8,8
ATMTRY,ATM,TRY,TRADING,true,8,8
ACMTRY,ACM,TRY,TRADING,true,8,8
BARTRY,BAR,TRY,TRADING,true,8,8
JUVTRY,JUV,TRY,TRADING,true,8,8
PSGTRY,PSG,TRY,TRADING,true,8,8
SEIBTC,SEI,BTC,TRADING,true,8,8
SEITRY,SEI,TRY,TRADING,true,8,8
SEIUSDT,SEI,USDT,TRADING,true,8,8
CYBERBTC,CYBER,BTC,TRADING,true,8,8
CYBERTRY,CYBER,TRY,TRADING,true,8,8
CYBERUSDT,CYBER,USDT,TRADING,true,8,8
LPTTRY,LPT,TRY,TRADING,true,8,8
UNITRY,UNI,TRY,TRADING,true,8,8
SOLFDUSD,SOL,FDUSD,TRADING,true,8,8
XRPFDUSD,XRP,FDUSD,TRADING,true,8,8
DOGEFDUSD,DOGE,FDUSD,TRADING,true,8,8
ARKUSDT,ARK,USDT,TRADING,true,8,8
IQUSDT,IQ,USDT,TRADING,true,8,8
FDUSDTRY,FDUSD,TRY,TRADING,true,8,8
SUIFDUSD,SUI,FDUSD,TRADING,true,8,8
FILFDUSD,FIL,FDUSD,TRADING,true,8,8
LTCFDUSD,LTC,FDUSD,TRADING,true,8,8
ADAFDUSD,ADA,FDUSD,TRADING,true,8,8
TRBTRY,TRB,TRY,TRADING,true,8,8
ATOMFDUSD,ATOM,FDUSD,TRADING,true,8,8
AVAXFDUSD,AVAX,FDUSD,TRADING,true,8,8
BCHFDUSD,BCH,FDUSD,TRADING,true,8,8
DOTFDUSD,DOT,FDUSD,TRADING,true,8,8
LINKFDUSD,LINK,FDUSD,TRADING,true,8,8
STRAXTRY,STRAX,TRY,TRADING,true,8,8
TIABTC,TIA,BTC,TRADING,true,8,8
TIAUSDT,TIA,USDT,TRADING,true,8,8
TIATRY,TIA,TRY,TRADING,true,8,8
MEMEUSDT,MEME,USDT,TRADING,true,8,8
MEMETRY,MEME,TRY,TRADING,true,8,8
ORDIUSDT,ORDI,USDT,TRADING,true,8,8
ORDITRY,ORDI,TRY,TRADING,true,8,8
BEAMXUSDT,BEAMX,USDT,TRADING,true,8,8
ARKTRY,ARK,TRY,TRADING,true,8,8
BEAMXTRY,BEAMX,TRY,TRADING,true,8,8
CAKETRY,CAKE,TRY,TRADING,true,8,8
PIVXUSDT,PIVX,USDT,TRADING,true,8,8
WLDFDUSD,WLD,FDUSD,TRADING,true,8,8
GASTRY,GAS,TRY,TRADING,true,8,8
VICUSDT,VIC,USDT,TRADING,true,8,8
VICTRY,VIC,TRY,TRADING,true,8,8
BLURUSDT,BLUR,USDT,TRADING,true,8,8
BLURTRY,BLUR,TRY,TRADING,true,8,8
USTCTRY,USTC,TRY,TRADING,true,8,8
DYDXTRY,DYDX,TRY,TRADING,true,8,8
VANRYUSDT,VANRY,USDT,TRADING,true,8,8
AEURUSDT,AEUR,USDT,TRADING,true,8,8
LUNCTRY,LUNC,TRY,TRADING,true,8,8
SUPERTRY,SUPER,TRY,TRADING,true,8,8
JTOUSDT,JTO,USDT,TRADING,true,8,8
JTOTRY,JTO,TRY,TRADING,true,8,8
1000SATSUSDT,1000SATS,USDT,TRADING,true,2,8
1000SATSTRY,1000SATS,TRY,TRADING,true,2,8
SHIBFDUSD,SHIB,FDUSD,TRADING,true,2,8
IOTATRY,IOTA,TRY,TRADING,true,8,8
INJFDUSD,INJ,FDUSD,TRADING,true,8,8
FIDATRY,FIDA,TRY,TRADING,true,8,8
BONKUSDT,BONK,USDT,TRADING,true,2,8
BONKFDUSD,BONK,FDUSD,TRADING,true,2,8
BONKTRY,BONK,TRY,TRADING,true,2,8
ACEUSDT,ACE,USDT,TRADING,true,8,8
ACETRY,ACE,TRY,TRADING,true,8,8
RARETRY,RARE,TRY,TRADING,true,8,8
VANRYTRY,VANRY,TRY,TRADING,true,8,8
NFPUSDT,NFP,USDT,TRADING,true,8,8
NFPTRY,NFP,TRY,TRADING,true,8,8
ARBUSDC,ARB,USDC,TRADING,true,8,8
AVAXUSDC,AVAX,USDC,TRADING,true,8,8
DOTUSDC,DOT,USDC,TRADING,true,8,8
INJUSDC,INJ,USDC,TRADING,true,8,8
OPUSDC,OP,USDC,TRADING,true,8,8
ORDIUSDC,ORDI,USDC,TRADING,true,8,8
AIUSDT,AI,USDT,TRADING,true,8,8
AITRY,AI,TRY,TRADING,true,8,8
ICPFDUSD,ICP,FDUSD,TRADING,true,8,8
LDOFDUSD,LDO,FDUSD,TRADING,true,8,8
MOVRTRY,MOVR,TRY,TRADING,true,8,8
XAIUSDT,XAI,USDT,TRADING,true,8,8
XAITRY,XAI,TRY,TRADING,true,8,8
SKLTRY,SKL,TRY,TRADING,true,8,8
MANTAUSDT,MANTA,USDT,TRADING,true,8,8
MANTAFDUSD,MANTA,FDUSD,TRADING,true,8,8
MANTATRY,MANTA,TRY,TRADING,true,8,8
ETCFDUSD,ETC,FDUSD,TRADING,true,8,8
SUIUSDC,SUI,USDC,TRADING,true,8,8
TIAUSDC,TIA,USDC,TRADING,true,8,8
MANTAUSDC,MANTA,USDC,TRADING,true,8,8
ALTUSDT,ALT,USDT,TRADING,true,8,8
ALTTRY,ALT,TRY,TRADING,true,8,8
APTFDUSD,APT,FDUSD,TRADING,true,8,8
BLURUSDC,BLUR,USDC,TRADING,true,8,8
JUPUSDT,JUP,USDT,TRADING,true,8,8
JUPFDUSD,JUP,FDUSD,TRADING,true,8,8
JUPTRY,JUP,TRY,TRADING,true,8,8
ALTUSDC,ALT,USDC,TRADING,true,8,8
SEIUSDC,SEI,USDC,TRADING,true,8,8
PYTHBTC,PYTH,BTC,TRADING,true,8,8
PYTHUSDT,PYTH,USDT,TRADING,true,8,8
PYTHTRY,PYTH,TRY,TRADING,true,8,8
RONINUSDT,RONIN,USDT,TRADING,true,8,8
RONINTRY,RONIN,TRY,TRADING,true,8,8
DYMUSDT,DYM,USDT,TRADING,true,8,8
DYMTRY,DYM,TRY,TRADING,true,8,8
JUPUSDC,JUP,USDC,TRADING,true,8,8
PIXELUSDT,PIXEL,USDT,TRADING,true,8,8
PIXELTRY,PIXEL,TRY,TRADING,true,8,8
STRKUSDT,STRK,USDT,TRADING,true,8,8
STRKTRY,STRK,TRY,TRADING,true,8,8
FILUSDC,FIL,USDC,TRADING,true,8,8
HBARTRY,HBAR,TRY,TRADING,true,8,8
PENDLETRY,PENDLE,TRY,TRADING,true,8,8
WLDUSDC,WLD,USDC,TRADING,true,8,8
CKBTRY,CKB,TRY,TRADING,true,8,8
COTITRY,COTI,TRY,TRADING,true,8,8
LDOTRY,LDO,TRY,TRADING,true,8,8
UNIUSDC,UNI,USDC,TRADING,true,8,8
PORTALUSDT,PORTAL,USDT,TRADING,true,8,8
PORTALTRY,PORTAL,TRY,TRADING,true,8,8
AXLBTC,AXL,BTC,TRADING,true,8,8
AXLUSDT,AXL,USDT,TRADING,true,8,8
AXLTRY,AXL,TRY,TRADING,true,8,8
PEPEFDUSD,PEPE,FDUSD,TRADING,true,2,8
PIXELUSDC,PIXEL,USDC,TRADING,true,8,8
STRKUSDC,STRK,USDC,TRADING,true,8,8
UNIFDUSD,UNI,FDUSD,TRADING,true,8,8
THETATRY,THETA,TRY,TRADING,true,8,8
WIFBTC,WIF,BTC,TRADING,true,8,8
WIFUSDT,WIF,USDT,TRADING,true,8,8
WIFFDUSD,WIF,FDUSD,TRADING,true,8,8
WIFTRY,WIF,TRY,TRADING,true,8,8
PEPEUSDC,PEPE,USDC,TRADING,true,2,8
SHIBUSDC,SHIB,USDC,TRADING,true,2,8
ARTRY,AR,TRY,TRADING,true,8,8
METISUSDT,METIS,USDT,TRADING,true,8,8
METISTRY,METIS,TRY,TRADING,true,8,8
BNBJPY,BNB,JPY,TRADING,true,8,8
BTCJPY,BTC,JPY,TRADING,true,8,8
ETHJPY,ETH,JPY,TRADING,true,8,8
FLOKIFDUSD,FLOKI,FDUSD,TRADING,true,2,8
NEARUSDC,NEAR,USDC,TRADING,true,8,8
SNXTRY,SNX,TRY,TRADING,true,8,8
AEVOUSDT,AEVO,USDT,TRADING,true,8,8
AEVOTRY,AEVO,TRY,TRADING,true,8,8
FETUSDC,FET,USDC,TRADING,true,8,8
EURUSDC,EUR,USDC,TRADING,true,8,8
BOMETRY,BOME,TRY,TRADING,true,2,8
BOMEUSDT,BOME,USDT,TRADING,true,2,8
ETHFIUSDT,ETHFI,USDT,TRADING,true,8,8
ETHFITRY,ETHFI,TRY,TRADING,true,8,8
AAVETRY,AAVE,TRY,TRADING,true,8,8
CRVTRY,CRV,TRY,TRADING,true,8,8
BONKUSDC,BONK,USDC,TRADING,true,2,8
FLOKIUSDC,FLOKI,USDC,TRADING,true,2,8
RAYTRY,RAY,TRY,TRADING,true,8,8
ENABTC,ENA,BTC,TRADING,true,8,8
ENAUSDT,ENA,USDT,TRADING,true,8,8
ENAFDUSD,ENA,FDUSD,TRADING,true,8,8
ENATRY,ENA,TRY,TRADING,true,8,8
MASKTRY,MASK,TRY,TRADING,true,8,8
PENDLEUSDC,PENDLE,USDC,TRADING,true,8,8
WUSDT,W,USDT,TRADING,true,8,8
WTRY,W,TRY,TRADING,true,8,8
BOMEUSDC,BOME,USDC,TRADING,true,2,8
JTOUSDC,JTO,USDC,TRADING,true,8,8
WIFUSDC,WIF,USDC,TRADING,true,8,8
TNSRUSDT,TNSR,USDT,TRADING,true,8,8
TNSRTRY,TNSR,TRY,TRADING,true,8,8
SAGABTC,SAGA,BTC,TRADING,true,8,8
SAGAUSDT,SAGA,USDT,TRADING,true,8,8
SAGAFDUSD,SAGA,FDUSD,TRADING,true,8,8
SAGATRY,SAGA,TRY,TRADING,true,8,8
USDTMXN,USDT,MXN,TRADING,true,8,8
CKBUSDC,CKB,USDC,TRADING,true,8,8
ENAUSDC,ENA,USDC,TRADING,true,8,8
ETHFIUSDC,ETHFI,USDC,TRADING,true,8,8
YGGUSDC,YGG,USDC,TRADING,true,8,8
TAOBTC,TAO,BTC,TRADING,true,8,8
TAOUSDT,TAO,USDT,TRADING,true,8,8
TAOFDUSD,TAO,FDUSD,TRADING,true,8,8
TAOTRY,TAO,TRY,TRADING,true,8,8
CFXUSDC,CFX,USDC,TRADING,true,8,8
RUNEUSDC,RUNE,USDC,TRADING,true,8,8
SAGAUSDC,SAGA,USDC,TRADING,true,8,8
POLYXTRY,POLYX,TRY,TRADING,true,8,8
APTUSDC,APT,USDC,TRADING,true,8,8
GALAUSDC,GALA,USDC,TRADING,true,8,8
STXUSDC,STX,USDC,TRADING,true,8,8
ICPUSDC,ICP,USDC,TRADING,true,8,8
PEPEBRL,PEPE,BRL,TRADING,true,2,8
ADAJPY,ADA,JPY,TRADING,true,8,8
SHIBJPY,SHIB,JPY,TRADING,true,2,8
SOLJPY,SOL,JPY,TRADING,true,8,8
XRPJPY,XRP,JPY,TRADING,true,8,8
REZUSDT,REZ,USDT,TRADING,true,8,8
REZTRY,REZ,TRY,TRADING,true,8,8
EGLDTRY,EGLD,TRY,TRADING,true,8,8
PHBTRY,PHB,TRY,TRADING,true,8,8
RSRTRY,RSR,TRY,TRADING,true,8,8
BBUSDT,BB,USDT,TRADING,true,8,8
BBTRY,BB,TRY,TRADING,true,8,8
PEOPLETRY,PEOPLE,TRY,TRADING,true,8,8
TRBUSDC,TRB,USDC,TRADING,true,8,8
NOTUSDT,NOT,USDT,TRADING,true,2,8
NOTFDUSD,NOT,FDUSD,TRADING,true,2,8
NOTTRY,NOT,TRY,TRADING,true,2,8
ARKMUSDC,ARKM,USDC,TRADING,true,8,8
ARUSDC,AR,USDC,TRADING,true,8,8
BBUSDC,BB,USDC,TRADING,true,8,8
CRVUSDC,CRV,USDC,TRADING,true,8,8
PEOPLEUSDC,PEOPLE,USDC,TRADING,true,8,8
PEPEEUR,PEPE,EUR,TRADING,true,2,8
REZUSDC,REZ,USDC,TRADING,true,8,8
USDCTRY,USDC,TRY,TRADING,true,8,8
BTCMXN,BTC,MXN,TRADING,true,8,8
XRPMXN,XRP,MXN,TRADING,true,8,8
ENSUSDC,ENS,USDC,TRADING,true,8,8
LDOUSDC,LDO,USDC,TRADING,true,8,8
NOTUSDC,NOT,USDC,TRADING,true,2,8
NEARBRL,NEAR,BRL,TRADING,true,8,8
HIGHTRY,HIGH,TRY,TRADING,true,8,8
TNSRUSDC,TNSR,USDC,TRADING,true,8,8
USDTCOP,USDT,COP,TRADING,true,8,8
IOUSDT,IO,USDT,TRADING,true,8,8
IOTRY,IO,TRY,TRADING,true,8,8
TRUTRY,TRU,TRY,TRADING,true,8,8
WIFEUR,WIF,EUR,TRADING,true,8,8
ZKUSDT,ZK,USDT,TRADING,true,8,8
ZKTRY,ZK,TRY,TRADING,true,8,8
LISTAUSDT,LISTA,USDT,TRADING,true,8,8
LISTATRY,LISTA,TRY,TRADING,true,8,8
ZROUSDT,ZRO,USDT,TRADING,true,8,8
ZROFDUSD,ZRO,FDUSD,TRADING,true,8,8
ZROTRY,ZRO,TRY,TRADING,true,8,8
ZKUSDC,ZK,USDC,TRADING,true,8,8
ZROUSDC,ZRO,USDC,TRADING,true,8,8
IOUSDC,IO,USDC,TRADING,true,8,8
1000SATSUSDC,1000SATS,USDC,TRADING,true,2,8
ETHARS,ETH,ARS,TRADING,true,8,8
GUSDT,G,USDT,TRADING,true,8,8
GTRY,G,TRY,TRADING,true,8,8
BANANAUSDT,BANANA,USDT,TRADING,true,8,8
BANANAFDUSD,BANANA,FDUSD,TRADING,true,8,8
BANANATRY,BANANA,TRY,TRADING,true,8,8
RENDERBTC,RENDER,BTC,TRADING,true,8,8
RENDERUSDT,RENDER,USDT,TRADING,true,8,8
RENDERUSDC,RENDER,USDC,TRADING,true,8,8
RENDERTRY,RENDER,TRY,TRADING,true,8,8
RENDEREUR,RENDER,EUR,TRADING,true,8,8
RENDERBRL,RENDER,BRL,TRADING,true,8,8
TONUSDT,TON,USDT,TRADING,true,8,8
TONFDUSD,TON,FDUSD,TRADING,true,8,8
TONTRY,TON,TRY,TRADING,true,8,8
DOGEJPY,DOGE,JPY,TRADING,true,8,8
NEARJPY,NEAR,JPY,TRADING,true,8,8
TONUSDC,TON,USDC,TRADING,true,8,8
DOGSUSDT,DOGS,USDT,TRADING,true,2,8
DOGSTRY,DOGS,TRY,TRADING,true,2,8
EUREURI,EUR,EURI,TRADING,true,8,8
EURIUSDT,EURI,USDT,TRADING,true,8,8
DOGSUSDC,DOGS,USDC,TRADING,true,2,8
RAREUSDC,RARE,USDC,TRADING,true,8,8
AAVEUSDC,AAVE,USDC,TRADING,true,8,8
SUNTRY,SUN,TRY,TRADING,true,8,8
POLBNB,POL,BNB,TRADING,true,8,8
POLBRL,POL,BRL,TRADING,true,8,8
POLBTC,POL,BTC,TRADING,true,8,8
POLETH,POL,ETH,TRADING,true,8,8
POLEUR,POL,EUR,TRADING,true,8,8
POLFDUSD,POL,FDUSD,TRADING,true,8,8
POLJPY,POL,JPY,TRADING,true,8,8
POLTRY,POL,TRY,TRADING,true,8,8
POLUSDC,POL,USDC,TRADING,true,8,8
POLUSDT,POL,USDT,TRADING,true,8,8
NEIROUSDT,NEIRO,USDT,TRADING,true,2,8
TURBOUSDT,TURBO,USDT,TRADING,true,8,8
1MBABYDOGEUSDT,1MBABYDOGE,USDT,TRADING,true,2,8
CATIUSDT,CATI,USDT,TRADING,true,8,8
CATITRY,CATI,TRY,TRADING,true,8,8
1MBABYDOGETRY,1MBABYDOGE,TRY,TRADING,true,2,8
BTCEURI,BTC,EURI,TRADING,true,8,8
NEIROTRY,NEIRO,TRY,TRADING,true,2,8
HMSTRUSDT,HMSTR,USDT,TRADING,true,2,8
HMSTRTRY,HMSTR,TRY,TRADING,true,2,8
EIGENUSDT,EIGEN,USDT,TRADING,true,8,8
EIGENFDUSD,EIGEN,FDUSD,TRADING,true,8,8
EIGENTRY,EIGEN,TRY,TRADING,true,8,8
BNSOLSOL,BNSOL,SOL,TRADING,true,8,8
SCRUSDT,SCR,USDT,TRADING,true,8,8
SUIBRL,SUI,BRL,TRADING,true,8,8
TURBOTRY,TURBO,TRY,TRADING,true,8,8
BNSOLUSDT,BNSOL,USDT,TRADING,true,8,8
LUMIAUSDT,LUMIA,USDT,TRADING,true,8,8
SCRTRY,SCR,TRY,TRADING,true,8,8
KAIAUSDT,KAIA,USDT,TRADING,true,8,8
COWUSDT,COW,USDT,TRADING,true,8,8
CETUSUSDT,CETUS,USDT,TRADING,true,8,8
PNUTUSDT,PNUT,USDT,TRADING,true,8,8
ACTUSDT,ACT,USDT,TRADING,true,8,8
ACTTRY,ACT,TRY,TRADING,true,8,8
COWTRY,COW,TRY,TRADING,true,8,8
CETUSTRY,CETUS,TRY,TRADING,true,8,8
PNUTTRY,PNUT,TRY,TRADING,true,8,8
ACTUSDC,ACT,USDC,TRADING,true,8,8
NEIROUSDC,NEIRO,USDC,TRADING,true,2,8
PNUTUSDC,PNUT,USDC,TRADING,true,8,8
USUALUSDT,USUAL,USDT,TRADING,true,8,8
CATIUSDC,CATI,USDC,TRADING,true,8,8
ETHEURI,ETH,EURI,TRADING,true,8,8
LUMIATRY,LUMIA,TRY,TRADING,true,8,8
FDUSDUSDC,FDUSD,USDC,TRADING,true,8,8
HBARUSDC,HBAR,USDC,TRADING,true,8,8
RAYUSDC,RAY,USDC,TRADING,true,8,8
TAOUSDC,TAO,USDC,TRADING,true,8,8
THETRY,THE,TRY,TRADING,true,8,8
THEUSDT,THE,USDT,TRADING,true,8,8
APEUSDC,APE,USDC,TRADING,true,8,8
EIGENUSDC,EIGEN,USDC,TRADING,true,8,8
HBARFDUSD,HBAR,FDUSD,TRADING,true,8,8
MEMEUSDC,MEME,USDC,TRADING,true,8,8
WLDEUR,WLD,EUR,TRADING,true,8,8
1MBABYDOGEUSDC,1MBABYDOGE,USDC,TRADING,true,2,8
CETUSUSDC,CETUS,USDC,TRADING,true,8,8
COWUSDC,COW,USDC,TRADING,true,8,8
DYDXUSDC,DYDX,USDC,TRADING,true,8,8
HMSTRUSDC,HMSTR,USDC,TRADING,true,2,8
TURBOUSDC,TURBO,USDC,TRADING,true,8,8
KAIAUSDC,KAIA,USDC,TRADING,true,8,8
SANDUSDC,SAND,USDC,TRADING,true,8,8
XLMFDUSD,XLM,FDUSD,TRADING,true,8,8
CHZUSDC,CHZ,USDC,TRADING,true,8,8
PYTHUSDC,PYTH,USDC,TRADING,true,8,8
RSRUSDC,RSR,USDC,TRADING,true,8,8
WUSDC,W,USDC,TRADING,true,8,8
XTZUSDC,XTZ,USDC,TRADING,true,8,8
ACXUSDT,ACX,USDT,TRADING,true,8,8
ORCAUSDT,ORCA,USDT,TRADING,true,8,8
MOVEUSDT,MOVE,USDT,TRADING,true,8,8
MOVETRY,MOVE,TRY,TRADING,true,8,8
MEUSDT,ME,USDT,TRADING,true,8,8
METRY,ME,TRY,TRADING,true,8,8
ACXUSDC,ACX,USDC,TRADING,true,8,8
ORCAUSDC,ORCA,USDC,TRADING,true,8,8
ACXTRY,ACX,TRY,TRADING,true,8,8
ORCATRY,ORCA,TRY,TRADING,true,8,8
KSMTRY,KSM,TRY,TRADING,true,8,8
CELOTRY,CELO,TRY,TRADING,true,8,8
HIVEUSDC,HIVE,USDC,TRADING,true,8,8
TLMUSDC,TLM,USDC,TRADING,true,8,8
VELODROMEUSDT,VELODROME,USDT,TRADING,true,8,8
VANAUSDT,VANA,USDT,TRADING,true,8,8
VANATRY,VANA,TRY,TRADING,true,8,8
1000CATUSDT,1000CAT,USDT,TRADING,true,8,8
1000CATTRY,1000CAT,TRY,TRADING,true,8,8
PENGUUSDT,PENGU,USDT,TRADING,true,8,8
PENGUTRY,PENGU,TRY,TRADING,true,8,8
USUALTRY,USUAL,TRY,TRADING,true,8,8
1000CATUSDC,1000CAT,USDC,TRADING,true,8,8
PENGUUSDC,PENGU,USDC,TRADING,true,8,8
BIOUSDT,BIO,USDT,TRADING,true,8,8
BIOTRY,BIO,TRY,TRADING,true,8,8
BIOUSDC,BIO,USDC,TRADING,true,8,8
HIVETRY,HIVE,TRY,TRADING,true,8,8
MOVEUSDC,MOVE,USDC,TRADING,true,8,8
PHATRY,PHA,TRY,TRADING,true,8,8
SUSHITRY,SUSHI,TRY,TRADING,true,8,8
DUSDT,D,USDT,TRADING,true,8,8
DTRY,D,TRY,TRADING,true,8,8
APTJPY,APT,JPY,TRADING,true,8,8
SUIJPY,SUI,JPY,TRADING,true,8,8
XLMJPY,XLM,JPY,TRADING,true,8,8
PEPEJPY,PEPE,JPY,TRADING,true,2,8
PHAUSDC,PHA,USDC,TRADING,true,8,8
USDCPLN,USDC,PLN,TRADING,true,8,8
STEEMUSDC,STEEM,USDC,TRADING,true,8,8
USUALUSDC,USUAL,USDC,TRADING,true,8,8
AIXBTUSDT,AIXBT,USDT,TRADING,true,8,8
AIXBTUSDC,AIXBT,USDC,TRADING,true,8,8
CGPTUSDT,CGPT,USDT,TRADING,true,8,8
CGPTUSDC,CGPT,USDC,TRADING,true,8,8
COOKIEUSDT,COOKIE,USDT,TRADING,true,8,8
COOKIEUSDC,COOKIE,USDC,TRADING,true,8,8
SBTC,S,BTC,TRADING,true,8,8
SBNB,S,BNB,TRADING,true,8,8
SEUR,S,EUR,TRADING,true,8,8
STRY,S,TRY,TRADING,true,8,8
SUSDC,S,USDC,TRADING,true,8,8
SUSDT,S,USDT,TRADING,true,8,8
IOTXJPY,IOTX,JPY,TRADING,true,8,8
SEIJPY,SEI,JPY,TRADING,true,8,8
SOLVUSDT,SOLV,USDT,TRADING,true,8,8
SOLVBNB,SOLV,BNB,TRADING,true,8,8
SOLVTRY,SOLV,TRY,TRADING,true,8,8
TRUMPUSDT,TRUMP,USDT,TRADING,true,8,8
TRUMPUSDC,TRUMP,USDC,TRADING,true,8,8
AIXBTTRY,AIXBT,TRY,TRADING,true,8,8
TRUMPTRY,TRUMP,TRY,TRADING,true,8,8
ANIMEUSDT,ANIME,USDT,TRADING,true,8,8
ANIMEUSDC,ANIME,USDC,TRADING,true,8,8
ANIMETRY,ANIME,TRY,TRADING,true,8,8
BERAUSDT,BERA,USDT,TRADING,true,8,8
BERAUSDC,BERA,USDC,TRADING,true,8,8
BERATRY,BERA,TRY,TRADING,true,8,8
1000CHEEMSUSDT,1000CHEEMS,USDT,TRADING,true,2,8
1000CHEEMSUSDC,1000CHEEMS,USDC,TRADING,true,2,8
TSTUSDT,TST,USDT,TRADING,true,8,8
TSTUSDC,TST,USDC,TRADING,true,8,8
LAYERUSDT,LAYER,USDT,TRADING,true,8,8
LAYERUSDC,LAYER,USDC,TRADING,true,8,8
LAYERTRY,LAYER,TRY,TRADING,true,8,8
QTUMTRY,QTUM,TRY,TRADING,true,8,8
TRUMPEUR,TRUMP,EUR,TRADING,true,8,8
HEIUSDT,HEI,USDT,TRADING,true,8,8
CAKEUSDC,CAKE,USDC,TRADING,true,8,8
HEIUSDC,HEI,USDC,TRADING,true,8,8
TRUMPFDUSD,TRUMP,FDUSD,TRADING,true,8,8
LTCJPY,LTC,JPY,TRADING,true,8,8
BCHJPY,BCH,JPY,TRADING,true,8,8
LINKJPY,LINK,JPY,TRADING,true,8,8
KAITOUSDT,KAITO,USDT,TRADING,true,8,8
KAITOUSDC,KAITO,USDC,TRADING,true,8,8
KAITOTRY,KAITO,TRY,TRADING,true,8,8
ETHMXN,ETH,MXN,TRADING,true,8,8
SOLMXN,SOL,MXN,TRADING,true,8,8
TRUMPBRL,TRUMP,BRL,TRADING,true,8,8
TSTTRY,TST,TRY,TRADING,true,8,8
SHELLUSDT,SHELL,USDT,TRADING,true,8,8
SHELLUSDC,SHELL,USDC,TRADING,true,8,8
SHELLTRY,SHELL,TRY,TRADING,true,8,8
REDUSDT,RED,USDT,TRADING,true,8,8
GPSUSDT,GPS,USDT,TRADING,true,8,8
GPSUSDC,GPS,USDC,TRADING,true,8,8
GPSTRY,GPS,TRY,TRADING,true,8,8
REDUSDC,RED,USDC,TRADING,true,8,8
REDTRY,RED,TRY,TRADING,true,8,8
EGLDUSDC,EGLD,USDC,TRADING,true,8,8
OSMOUSDC,OSMO,USDC,TRADING,true,8,8
TUSDC,T,USDC,TRADING,true,8,8
CVCUSDC,CVC,USDC,TRADING,true,8,8
EURIUSDC,EURI,USDC,TRADING,true,8,8
SYNUSDC,SYN,USDC,TRADING,true,8,8
VELODROMEUSDC,VELODROME,USDC,TRADING,true,8,8
EPICUSDT,EPIC,USDT,TRADING,true,8,8
EPICUSDC,EPIC,USDC,TRADING,true,8,8
GMXUSDC,GMX,USDC,TRADING,true,8,8
RPLUSDC,RPL,USDC,TRADING,true,8,8
BMTUSDT,BMT,USDT,TRADING,true,8,8
BMTUSDC,BMT,USDC,TRADING,true,8,8
BMTTRY,BMT,TRY,TRADING,true,8,8
FORMUSDC,FORM,USDC,TRADING,true,8,8
FORMUSDT,FORM,USDT,TRADING,true,8,8
FORMTRY,FORM,TRY,TRADING,true,8,8
XUSDUSDT,XUSD,USDT,TRADING,true,8,8
IOTAUSDC,IOTA,USDC,TRADING,true,8,8
THEUSDC,THE,USDC,TRADING,true,8,8
VANRYUSDC,VANRY,USDC,TRADING,true,8,8
NILUSDT,NIL,USDT,TRADING,true,8,8
NILUSDC,NIL,USDC,TRADING,true,8,8
NILTRY,NIL,TRY,TRADING,true,8,8
BEAMXUSDC,BEAMX,USDC,TRADING,true,8,8
VANAUSDC,VANA,USDC,TRADING,true,8,8
PARTIFDUSD,PARTI,FDUSD,TRADING,true,8,8
PARTITRY,PARTI,TRY,TRADING,true,8,8
PARTIUSDT,PARTI,USDT,TRADING,true,8,8
PARTIUSDC,PARTI,USDC,TRADING,true,8,8
PARTIBNB,PARTI,BNB,TRADING,true,8,8
MUBARAKUSDT,MUBARAK,USDT,TRADING,true,8,8
MUBARAKUSDC,MUBARAK,USDC,TRADING,true,8,8
TUTUSDT,TUT,USDT,TRADING,true,8,8
BROCCOLI714USDT,BROCCOLI714,USDT,TRADING,true,8,8
TUTUSDC,TUT,USDC,TRADING,true,8,8
BANANAS31USDT,BANANAS31,USDT,TRADING,true,8,8
BANANAS31USDC,BANANAS31,USDC,TRADING,true,8,8
BROCCOLI714USDC,BROCCOLI714,USDC,TRADING,true,8,8
GUNUSDT,GUN,USDT,TRADING,true,8,8
GUNBNB,GUN,BNB,TRADING,true,8,8
GUNTRY,GUN,TRY,TRADING,true,8,8
THETAUSDC,THETA,USDC,TRADING,true,8,8
API3USDC,API3,USDC,TRADING,true,8,8
AUCTIONTRY,AUCTION,TRY,TRADING,true,8,8
AUCTIONUSDC,AUCTION,USDC,TRADING,true,8,8
BANANAUSDC,BANANA,USDC,TRADING,true,8,8
GUNUSDC,GUN,USDC,TRADING,true,8,8
QNTUSDC,QNT,USDC,TRADING,true,8,8
VETUSDC,VET,USDC,TRADING,true,8,8
ZENUSDC,ZEN,USDC,TRADING,true,8,8
BABYUSDT,BABY,USDT,TRADING,true,8,8
BABYUSDC,BABY,USDC,TRADING,true,8,8
BABYTRY,BABY,TRY,TRADING,true,8,8
ONDOUSDT,ONDO,USDT,TRADING,true,8,8
ONDOUSDC,ONDO,USDC,TRADING,true,8,8
BIGTIMEUSDT,BIGTIME,USDT,TRADING,true,8,8
BIGTIMEUSDC,BIGTIME,USDC,TRADING,true,8,8
VIRTUALUSDT,VIRTUAL,USDT,TRADING,true,8,8
VIRTUALUSDC,VIRTUAL,USDC,TRADING,true,8,8
KERNELTRY,KERNEL,TRY,TRADING,true,8,8
KERNELUSDC,KERNEL,USDC,TRADING,true,8,8
KERNELUSDT,KERNEL,USDT,TRADING,true,8,8
WCTTRY,WCT,TRY,TRADING,true,8,8
WCTUSDC,WCT,USDC,TRADING,true,8,8
WCTUSDT,WCT,USDT,TRADING,true,8,8
PAXGUSDC,PAXG,USDC,TRADING,true,8,8
ONDOTRY,ONDO,TRY,TRADING,true,8,8
ACHUSDC,ACH,USDC,TRADING,true,8,8
GMTUSDC,GMT,USDC,TRADING,true,8,8
HYPERUSDT,HYPER,USDT,TRADING,true,8,8
HYPERUSDC,HYPER,USDC,TRADING,true,8,8
HYPERTRY,HYPER,TRY,TRADING,true,8,8
INITUSDT,INIT,USDT,TRADING,true,8,8
INITUSDC,INIT,USDC,TRADING,true,8,8
INITTRY,INIT,TRY,TRADING,true,8,8
SIGNUSDT,SIGN,USDT,TRADING,true,8,8
SIGNUSDC,SIGN,USDC,TRADING,true,8,8
SIGNBNB,SIGN,BNB,TRADING,true,8,8
SIGNFDUSD,SIGN,FDUSD,TRADING,true,8,8
SIGNTRY,SIGN,TRY,TRADING,true,8,8
STOUSDT,STO,USDT,TRADING,true,8,8
STOUSDC,STO,USDC,TRADING,true,8,8
STOTRY,STO,TRY,TRADING,true,8,8
ENJUSDC,ENJ,USDC,TRADING,true,8,8
VIRTUALTRY,VIRTUAL,TRY,TRADING,true,8,8
SYRUPUSDT,SYRUP,USDT,TRADING,true,8,8
SYRUPUSDC,SYRUP,USDC,TRADING,true,8,8
KMNOUSDT,KMNO,USDT,TRADING,true,8,8
KMNOUSDC,KMNO,USDC,TRADING,true,8,8
SXTUSDT,SXT,USDT,TRADING,true,8,8
SXTUSDC,SXT,USDC,TRADING,true,8,8
SXTTRY,SXT,TRY,TRADING,true,8,8
PUNDIXUSDC,PUNDIX,USDC,TRADING,true,8,8
SYRUPTRY,SYRUP,TRY,TRADING,true,8,8
NXPCUSDT,NXPC,USDT,TRADING,true,8,8
NXPCUSDC,NXPC,USDC,TRADING,true,8,8
NXPCTRY,NXPC,TRY,TRADING,true,8,8
AWEUSDT,AWE,USDT,TRADING,true,8,8
HAEDALUSDT,HAEDAL,USDT,TRADING,true,8,8
HAEDALUSDC,HAEDAL,USDC,TRADING,true,8,8
HAEDALTRY,HAEDAL,TRY,TRADING,true,8,8
USD1USDT,USD1,USDT,TRADING,true,8,8
HUMAUSDT,HUMA,USDT,TRADING,true,8,8
HUMAUSDC,HUMA,USDC,TRADING,true,8,8
HUMATRY,HUMA,TRY,TRADING,true,8,8
ATRY,A,TRY,TRADING,true,8,8
AUSDC,A,USDC,TRADING,true,8,8
AUSDT,A,USDT,TRADING,true,8,8
SOPHUSDT,SOPH,USDT,TRADING,true,8,8
SOPHUSDC,SOPH,USDC,TRADING,true,8,8
SOPHFDUSD,SOPH,FDUSD,TRADING,true,8,8
SOPHTRY,SOPH,TRY,TRADING,true,8,8
MUBARAKTRY,MUBARAK,TRY,TRADING,true,8,8
TRXJPY,TRX,JPY,TRADING,true,8,8
RESOLVUSDT,RESOLV,USDT,TRADING,true,8,8
RESOLVUSDC,RESOLV,USDC,TRADING,true,8,8
RESOLVTRY,RESOLV,TRY,TRADING,true,8,8
HOMEUSDT,HOME,USDT,TRADING,true,8,8
HOMEUSDC,HOME,USDC,TRADING,true,8,8
HOMETRY,HOME,TRY,TRADING,true,8,8
FLUXUSDC,FLUX,USDC,TRADING,true,8,8
MASKUSDC,MASK,USDC,TRADING,true,8,8
SUSHIUSDC,SUSHI,USDC,TRADING,true,8,8
SPKUSDT,SPK,USDT,TRADING,true,8,8
SPKUSDC,SPK,USDC,TRADING,true,8,8
SPKTRY,SPK,TRY,TRADING,true,8,8
NEWTUSDT,NEWT,USDT,TRADING,true,8,8
NEWTUSDC,NEWT,USDC,TRADING,true,8,8
NEWTTRY,NEWT,TRY,TRADING,true,8,8
SAHARAUSDT,SAHARA,USDT,TRADING,true,8,8
SAHARAUSDC,SAHARA,USDC,TRADING,true,8,8
SAHARATRY,SAHARA,TRY,TRADING,true,8,8
LPTUSDC,LPT,USDC,TRADING,true,8,8
RVNUSDC,RVN,USDC,TRADING,true,8,8
LAUSDT,LA,USDT,TRADING,true,8,8
LAUSDC,LA,USDC,TRADING,true,8,8
LABNB,LA,BNB,TRADING,true,8,8
LATRY,LA,TRY,TRADING,true,8,8
LPTJPY,LPT,JPY,TRADING,true,8,8
XAIUSDC,XAI,USDC,TRADING,true,8,8
AXSUSDC,AXS,USDC,TRADING,true,8,8
COMPUSDC,COMP,USDC,TRADING,true,8,8
ERAUSDT,ERA,USDT,TRADING,true,8,8
ERAUSDC,ERA,USDC,TRADING,true,8,8
ERABNB,ERA,BNB,TRADING,true,8,8
ERAFDUSD,ERA,FDUSD,TRADING,true,8,8
ERATRY,ERA,TRY,TRADING,true,8,8
CUSDT,C,USDT,TRADING,true,8,8
CUSDC,C,USDC,TRADING,true,8,8
CTRY,C,TRY,TRADING,true,8,8
GRTUSDC,GRT,USDC,TRADING,true,8,8
ROSEUSDC,ROSE,USDC,TRADING,true,8,8
CVXUSDC,CVX,USDC,TRADING,true,8,8
FUNUSDC,FUN,USDC,TRADING,true,8,8
LISTAUSDC,LISTA,USDC,TRADING,true,8,8
TREEUSDT,TREE,USDT,TRADING,true,8,8
TREEUSDC,TREE,USDC,TRADING,true,8,8
TREETRY,TREE,TRY,TRADING,true,8,8
TOWNSUSDT,TOWNS,USDT,TRADING,true,8,8
TOWNSUSDC,TOWNS,USDC,TRADING,true,8,8
TOWNSTRY,TOWNS,TRY,TRADING,true,8,8
PROVEUSDT,PROVE,USDT,TRADING,true,8,8
PROVEUSDC,PROVE,USDC,TRADING,true,8,8
PROVETRY,PROVE,TRY,TRADING,true,8,8
ILVUSDC,ILV,USDC,TRADING,true,8,8
MAGICUSDC,MAGIC,USDC,TRADING,true,8,8
USDCBRL,USDC,BRL,TRADING,true,8,8
BFUSDUSDT,BFUSD,USDT,TRADING,true,8,8
PLUMEUSDT,PLUME,USDT,TRADING,true,8,8
PLUMEUSDC,PLUME,USDC,TRADING,true,8,8
PLUMETRY,PLUME,TRY,TRADING,true,8,8
CYBERUSDC,CYBER,USDC,TRADING,true,8,8
MAVUSDC,MAV,USDC,TRADING,true,8,8
SKLUSDC,SKL,USDC,TRADING,true,8,8
SSVUSDC,SSV,USDC,TRADING,true,8,8
UMAUSDC,UMA,USDC,TRADING,true,8,8
DOLOUSDT,DOLO,USDT,TRADING,true,8,8
DOLOUSDC,DOLO,USDC,TRADING,true,8,8
DOLOTRY,DOLO,TRY,TRADING,true,8,8
MITOUSDT,MITO,USDT,TRADING,true,8,8
MITOUSDC,MITO,USDC,TRADING,true,8,8
MITOTRY,MITO,TRY,TRADING,true,8,8
WLFIUSDT,WLFI,USDT,TRADING,true,2,8
WLFIUSDC,WLFI,USDC,TRADING,true,2,8
WLFITRY,WLFI,TRY,TRADING,true,2,8
BFUSDUSDC,BFUSD,USDC,TRADING,true,8,8
NMRUSDC,NMR,USDC,TRADING,true,8,8
QTUMUSDC,QTUM,USDC,TRADING,true,8,8
SOMIUSDT,SOMI,USDT,TRADING,true,8,8
SOMIUSDC,SOMI,USDC,TRADING,true,8,8
SOMITRY,SOMI,TRY,TRADING,true,8,8
WLFIEUR,WLFI,EUR,TRADING,true,2,8
OPENUSDT,OPEN,USDT,TRADING,true,8,8
OPENUSDC,OPEN,USDC,TRADING,true,8,8
OPENBNB,OPEN,BNB,TRADING,true,8,8
OPENFDUSD,OPEN,FDUSD,TRADING,true,8,8
OPENTRY,OPEN,TRY,TRADING,true,8,8
USDEUSDC,USDE,USDC,TRADING,true,8,8
USDEUSDT,USDE,USDT,TRADING,true,8,8
LINEAUSDT,LINEA,USDT,TRADING,true,8,8
LINEAUSDC,LINEA,USDC,TRADING,true,8,8
LINEATRY,LINEA,TRY,TRADING,true,8,8
HOLOUSDT,HOLO,USDT,TRADING,true,8,8
HOLOUSDC,HOLO,USDC,TRADING,true,8,8
HOLOTRY,HOLO,TRY,TRADING,true,8,8
PUMPUSDT,PUMP,USDT,TRADING,true,2,8
PUMPTRY,PUMP,TRY,TRADING,true,2,8
PUMPUSDC,PUMP,USDC,TRADING,true,2,8
AVNTUSDT,AVNT,USDT,TRADING,true,8,8
AVNTUSDC,AVNT,USDC,TRADING,true,8,8
AVNTTRY,AVNT,TRY,TRADING,true,8,8
ZKCUSDT,ZKC,USDT,TRADING,true,8,8
ZKCUSDC,ZKC,USDC,TRADING,true,8,8
ZKCTRY,ZKC,TRY,TRADING,true,8,8
SKYBTC,SKY,BTC,TRADING,true,8,8
SKYTRY,SKY,TRY,TRADING,true,8,8
SKYUSDC,SKY,USDC,TRADING,true,8,8
SKYUSDT,SKY,USDT,TRADING,true,8,8
BARDUSDT,BARD,USDT,TRADING,true,8,8
BARDUSDC,BARD,USDC,TRADING,true,8,8
BARDTRY,BARD,TRY,TRADING,true,8,8
0GUSDT,0G,USDT,TRADING,true,8,8
0GUSDC,0G,USDC,TRADING,true,8,8
0GTRY,0G,TRY,TRADING,true,8,8
IMXUSDC,IMX,USDC,TRADING,true,8,8
NMRTRY,NMR,TRY,TRADING,true,8,8
TWTUSDC,TWT,USDC,TRADING,true,8,8
HEMITRY,HEMI,TRY,TRADING,true,8,8
HEMIUSDT,HEMI,USDT,TRADING,true,8,8
HEMIUSDC,HEMI,USDC,TRADING,true,8,8
XPLUSDT,XPL,USDT,TRADING,true,8,8
XPLUSDC,XPL,USDC,TRADING,true,8,8
XPLFDUSD,XPL,FDUSD,TRADING,true,8,8
XPLTRY,XPL,TRY,TRADING,true,8,8
MIRAUSDT,MIRA,USDT,TRADING,true,8,8
MIRAUSDC,MIRA,USDC,TRADING,true,8,8
MIRATRY,MIRA,TRY,TRADING,true,8,8
FFUSDT,FF,USDT,TRADING,true,8,8
FFUSDC,FF,USDC,TRADING,true,8,8
FFFDUSD,FF,FDUSD,TRADING,true,8,8
FFTRY,FF,TRY,TRADING,true,8,8
AEVOUSDC,AEVO,USDC,TRADING,true,8,8
MEUSDC,ME,USDC,TRADING,true,8,8
SNXUSDC,SNX,USDC,TRADING,true,8,8
EDENUSDT,EDEN,USDT,TRADING,true,8,8
EDENUSDC,EDEN,USDC,TRADING,true,8,8
EDENTRY,EDEN,TRY,TRADING,true,8,8
NOMTRY,NOM,TRY,TRADING,true,8,8
NOMUSDC,NOM,USDC,TRADING,true,8,8
NOMUSDT,NOM,USDT,TRADING,true,8,8
2ZUSDT,2Z,USDT,TRADING,true,8,8
2ZUSDC,2Z,USDC,TRADING,true,8,8
2ZTRY,2Z,TRY,TRADING,true,8,8
TRUMPJPY,TRUMP,JPY,TRADING,true,8,8
MORPHOUSDT,MORPHO,USDT,TRADING,true,8,8
MORPHOUSDC,MORPHO,USDC,TRADING,true,8,8
MORPHOTRY,MORPHO,TRY,TRADING,true,8,8
ASTERUSDT,ASTER,USDT,TRADING,true,8,8
ASTERUSDC,ASTER,USDC,TRADING,true,8,8
ASTERTRY,ASTER,TRY,TRADING,true,8,8
WALUSDT,WAL,USDT,TRADING,true,8,8
WALUSDC,WAL,USDC,TRADING,true,8,8
WALBNB,WAL,BNB,TRADING,true,8,8
WALFDUSD,WAL,FDUSD,TRADING,true,8,8
WALTRY,WAL,TRY,TRADING,true,8,8
EULUSDT,EUL,USDT,TRADING,true,8,8
EULUSDC,EUL,USDC,TRADING,true,8,8
EULTRY,EUL,TRY,TRADING,true,8,8
ENSOUSDT,ENSO,USDT,TRADING,true,8,8
ENSOUSDC,ENSO,USDC,TRADING,true,8,8
ENSOBNB,ENSO,BNB,TRADING,true,8,8
ENSOTRY,ENSO,TRY,TRADING,true,8,8
YBUSDT,YB,USDT,TRADING,true,8,8
YBUSDC,YB,USDC,TRADING,true,8,8
YBTRY,YB,TRY,TRADING,true,8,8
ZBTUSDT,ZBT,USDT,TRADING,true,8,8
ZBTUSDC,ZBT,USDC,TRADING,true,8,8
ZBTTRY,ZBT,TRY,TRADING,true,8,8
TURTLEUSDT,TURTLE,USDT,TRADING,true,8,8
TURTLEUSDC,TURTLE,USDC,TRADING,true,8,8
TURTLETRY,TURTLE,TRY,TRADING,true,8,8
GIGGLEUSDT,GIGGLE,USDT,TRADING,true,8,8
GIGGLEUSDC,GIGGLE,USDC,TRADING,true,8,8
GIGGLETRY,GIGGLE,TRY,TRADING,true,8,8
FUSDT,F,USDT,TRADING,true,8,8
FUSDC,F,USDC,TRADING,true,8,8
FTRY,F,TRY,TRADING,true,8,8
KITEUSDT,KITE,USDT,TRADING,true,8,8
KITEUSDC,KITE,USDC,TRADING,true,8,8
KITETRY,KITE,TRY,TRADING,true,8,8
MMTUSDT,MMT,USDT,TRADING,true,8,8
MMTUSDC,MMT,USDC,TRADING,true,8,8
MMTTRY,MMT,TRY,TRADING,true,8,8
DASHUSDC,DASH,USDC,TRADING,true,8,8
SAPIENUSDT,SAPIEN,USDT,TRADING,true,8,8
SAPIENUSDC,SAPIEN,USDC,TRADING,true,8,8
SAPIENTRY,SAPIEN,TRY,TRADING,true,8,8
MINAUSDC,MINA,USDC,TRADING,true,8,8
XVGUSDC,XVG,USDC,TRADING,true,8,8
ALLOUSDT,ALLO,USDT,TRADING,true,8,8
ALLOUSDC,ALLO,USDC,TRADING,true,8,8
ALLOTRY,ALLO,TRY,TRADING,true,8,8
SOLVUSDC,SOLV,USDC,TRADING,true,8,8
USD1USDC,USD1,USDC,TRADING,true,8,8
WLFIUSD1,WLFI,USD1,TRADING,true,2,8
BANKUSDT,BANK,USDT,TRADING,true,8,8
BANKUSDC,BANK,USDC,TRADING,true,8,8
BANKTRY,BANK,TRY,TRADING,true,8,8
METUSDT,MET,USDT,TRADING,true,8,8
METUSDC,MET,USDC,TRADING,true,8,8
METTRY,MET,TRY,TRADING,true,8,8
1INCHUSDC,1INCH,USDC,TRADING,true,8,8
COTIUSDC,COTI,USDC,TRADING,true,8,8
LSKUSDC,LSK,USDC,TRADING,true,8,8
USDTUSD,USDT,USD,TRADING,true,8,8
USDCUSD,USDC,USD,TRADING,true,8,8
DODOTRY,DODO,TRY,TRADING,true,8,8
HEITRY,HEI,TRY,TRADING,true,8,8
MANTAIDR,MANTA,IDR,TRADING,true,8,2
SCRIDR,SCR,IDR,TRADING,true,8,2
WLDIDR,WLD,IDR,TRADING,true,8,2
HBARIDR,HBAR,IDR,TRADING,true,8,2
ATUSDT,AT,USDT,TRADING,true,8,8
ATUSDC,AT,USDC,TRADING,true,8,8
ATTRY,AT,TRY,TRADING,true,8,8
ASTERIDR,ASTER,IDR,TRADING,true,8,2
AVAXIDR,AVAX,IDR,TRADING,true,8,2
DOGSIDR,DOGS,IDR,TRADING,true,2,2
FLOKIIDR,FLOKI,IDR,TRADING,true,2,2
POLIDR,POL,IDR,TRADING,true,8,2
RENDERIDR,RENDER,IDR,TRADING,true,8,2
TAOIDR,TAO,IDR,TRADING,true,8,2
TONIDR,TON,IDR,TRADING,true,8,2
VIRTUALIDR,VIRTUAL,IDR,TRADING,true,8,2
WIFIDR,WIF,IDR,TRADING,true,8,2
ZILIDR,ZIL,IDR,TRADING,true,8,2
ARBIDR,ARB,IDR,TRADING,true,8,2
ADAIDR,ADA,IDR,TRADING,true,8,2
BNBIDR,BNB,IDR,TRADING,true,8,2
BTCIDR,BTC,IDR,TRADING,true,8,2
DOGEIDR,DOGE,IDR,TRADING,true,8,2
ETHIDR,ETH,IDR,TRADING,true,8,2
ONDOIDR,ONDO,IDR,TRADING,true,8,2
SUIIDR,SUI,IDR,TRADING,true,8,2
TKOIDR,TKO,IDR,TRADING,true,8,2
XRPIDR,XRP,IDR,TRADING,true,8,2
USDTIDR,USDT,IDR,TRADING,true,8,2
USDCIDR,USDC,IDR,TRADING,true,8,2
SOLIDR,SOL,IDR,TRADING,true,8,2
BTCUSD,BTC,USD,TRADING,true,8,8
BTCUSD1,BTC,USD1,TRADING,true,8,8
DYMUSDC,DYM,USDC,TRADING,true,8,8
BNBUSD1,BNB,USD1,TRADING,true,8,8
ETHUSD1,ETH,USD1,TRADING,true,8,8
SOLUSD1,SOL,USD1,TRADING,true,8,8
DASHTRY,DASH,TRY,TRADING,true,8,8
DOGEUSD1,DOGE,USD1,TRADING,true,8,8
SUIUSD1,SUI,USD1,TRADING,true,8,8
XRPUSD1,XRP,USD1,TRADING,true,8,8
KGSTUSDT,KGST,USDT,TRADING,true,8,8
ADAUSD1,ADA,USD1,TRADING,true,8,8
ASTERUSD1,ASTER,USD1,TRADING,true,8,8
LUNAUSDC,LUNA,USDC,TRADING,true,8,8
LUNCUSDC,LUNC,USDC,TRADING,true,8,8
ZECUSD1,ZEC,USD1,TRADING,true,8,8
AVAXUSD1,AVAX,USD1,TRADING,true,8,8
BCHUSD1,BCH,USD1,TRADING,true,8,8
UNIUSD1,UNI,USD1,TRADING,true,8,8
BREVUSDT,BREV,USDT,TRADING,true,8,8
BREVUSDC,BREV,USDC,TRADING,true,8,8
BREVBNB,BREV,BNB,TRADING,true,8,8
BREVTRY,BREV,TRY,TRADING,true,8,8
币安人生USDT,币安人生,USDT,TRADING,true,8,8
币安人生USDC,币安人生,USDC,TRADING,true,8,8
ZKPUSDT,ZKP,USDT,TRADING,true,8,8
ZKPUSDC,ZKP,USDC,TRADING,true,8,8
ZKPTRY,ZKP,TRY,TRADING,true,8,8
FETJPY,FET,JPY,TRADING,true,8,8
TAOJPY,TAO,JPY,TRADING,true,8,8
LINKUSD1,LINK,USD1,TRADING,true,8,8
USDCMXN,USDC,MXN,TRADING,true,8,8
PEPEUSD1,PEPE,USD1,TRADING,true,2,8
UUSDT,U,USDT,TRADING,true,8,8
UUSDC,U,USDC,TRADING,true,8,8
FRAXUSDT,FRAX,USDT,TRADING,true,8,8
FOGOUSDT,FOGO,USDT,TRADING,true,8,8
FOGOUSDC,FOGO,USDC,TRADING,true,8,8
FOGOTRY,FOGO,TRY,TRADING,true,8,8
BTCU,BTC,U,TRADING,true,8,8
LTCUSD1,LTC,USD1,TRADING,true,8,8
UTRY,U,TRY,TRADING,true,8,8
XRPRLUSD,XRP,RLUSD,TRADING,true,8,8
RLUSDUSDT,RLUSD,USDT,TRADING,true,8,8
RLUSDU,RLUSD,U,TRADING,true,8,8
SENTUSDT,SENT,USDT,TRADING,true,8,8
SENTUSDC,SENT,USDC,TRADING,true,8,8
SENTTRY,SENT,TRY,TRADING,true,8,8
BNBU,BNB,U,TRADING,true,8,8
KGSTU,KGST,U,TRADING,true,8,8
SOLU,SOL,U,TRADING,true,8,8
TRXUSD1,TRX,USD1,TRADING,true,8,8
USD1U,USD1,U,TRADING,true,8,8
ETHU,ETH,U,TRADING,true,8,8
ZAMAUSDT,ZAMA,USDT,TRADING,true,8,8
ZAMAUSDC,ZAMA,USDC,TRADING,true,8,8
ZAMATRY,ZAMA,TRY,TRADING,true,8,8
ASTERU,ASTER,U,TRADING,true,8,8
PAXGUSD1,PAXG,USD1,TRADING,true,8,8
SUIU,SUI,U,TRADING,true,8,8
XRPU,XRP,U,TRADING,true,8,8
ESPUSDT,ESP,USDT,TRADING,true,8,8
ESPUSDC,ESP,USDC,TRADING,true,8,8
ESPTRY,ESP,TRY,TRADING,true,8,8
ADAU,ADA,U,TRADING,true,8,8
DOGEU,DOGE,U,TRADING,true,8,8
PEPEU,PEPE,U,TRADING,true,2,8
TAOUSD1,TAO,USD1,TRADING,true,8,8
BNBUSD,BNB,USD,TRADING,true,8,8
ETHUSD,ETH,USD,TRADING,true,8,8
SOLUSD,SOL,USD,TRADING,true,8,8
MANTRAUSDT,MANTRA,USDT,TRADING,true,8,8
MANTRAUSDC,MANTRA,USDC,TRADING,true,8,8
MANTRATRY,MANTRA,TRY,TRADING,true,8,8
ROBOUSDT,ROBO,USDT,TRADING,true,8,8
ROBOUSDC,ROBO,USDC,TRADING,true,8,8
ROBOTRY,ROBO,TRY,TRADING,true,8,8
LINKU,LINK,U,TRADING,true,8,8
LTCU,LTC,U,TRADING,true,8,8
PAXGU,PAXG,U,TRADING,true,8,8
ZECU,ZEC,U,TRADING,true,8,8
AVAXU,AVAX,U,TRADING,true,8,8
OPNUSDT,OPN,USDT,TRADING,true,8,8
OPNUSDC,OPN,USDC,TRADING,true,8,8
OPNBNB,OPN,BNB,TRADING,true,8,8
OPNU,OPN,U,TRADING,true,8,8
OPNUSD1,OPN,USD1,TRADING,true,8,8
OPNTRY,OPN,TRY,TRADING,true,8,8
BCHU,BCH,U,TRADING,true,8,8
NEARU,NEAR,U,TRADING,true,8,8
NEARUSD1,NEAR,USD1,TRADING,true,8,8
TRXU,TRX,U,TRADING,true,8,8
UIDR,U,IDR,TRADING,true,8,2
NIGHTUSDT,NIGHT,USDT,TRADING,true,8,8
NIGHTUSDC,NIGHT,USDC,TRADING,true,8,8
NIGHTBNB,NIGHT,BNB,TRADING,true,8,8
NIGHTTRY,NIGHT,TRY,TRADING,true,8,8
CFGUSDT,CFG,USDT,TRADING,true,8,8
CFGUSDC,CFG,USDC,TRADING,true,8,8
CFGTRY,CFG,TRY,TRADING,true,8,8
AAVEU,AAVE,U,TRADING,true,8,8
TAOU,TAO,U,TRADING,true,8,8
UNIU,UNI,U,TRADING,true,8,8
WLFIU,WLFI,U,TRADING,true,2,8
KATUSDT,KAT,USDT,TRADING,true,8,8
KATUSDC,KAT,USDC,TRADING,true,8,8
KATTRY,KAT,TRY,TRADING,true,8,8
XAUTUSDT,XAUT,USDT,TRADING,true,8,8
XAUTUSDC,XAUT,USDC,TRADING,true,8,8
XAUTU,XAUT,U,TRADING,true,8,8
XAUTBTC,XAUT,BTC,TRADING,true,8,8
XAUTTRY,XAUT,TRY,TRADING,true,8,8
APTU,APT,U,TRADING,true,8,8
ENAU,ENA,U,TRADING,true,8,8
FETU,FET,U,TRADING,true,8,8
NIGHTU,NIGHT,U,TRADING,true,8,8
TRUMPU,TRUMP,U,TRADING,true,8,8
WLDU,WLD,U,TRADING,true,8,8
TRUMPUSD1,TRUMP,USD1,TRADING,true,8,8
